<?xml version='1.0' encoding='UTF-8'?>
<dfxml xmloutputversion='1.0'>
  <metadata 
  xmlns='http://www.forensicswiki.org/wiki/Category:Digital_Forensics_XML' 
  xmlns:xsi='http://www.w3.org/2001/XMLSchema-instance' 
  xmlns:dc='http://purl.org/dc/elements/1.1/'>
    <dc:type>Carve Report</dc:type>
  </metadata>
  <creator>
    <package>PhotoRec</package>
    <version>7.0</version>
    <build_environment>
      <compiler>GCC 4.8, Cygwin 1007.34</compiler>
      <compilation_date>2015-04-18T13:01:55</compilation_date>
      <library name='libext2fs' version='1.42.8'/>
      <library name='libewf' version='20120504'/>
      <library name='libjpeg' version='libjpeg-turbo-1.3.1'/>
      <library name='libntfs' version='10:0:0'/>
    </build_environment>
    <execution_environment>
      <os_sysname>Windows</os_sysname>
      <os_release>Windows 8 (9200)</os_release>
      <os_version>Windows 8 (9200)</os_version>
      <host>Marcoo-PC</host>
      <arch>i686</arch>
      <uid>197610</uid>
      <start_time>2018-11-26T10:23:47-0500</start_time>
    </execution_environment>
  </creator>
  <source>
    <image_filename>C:\Users\Marco\Desktop\Financial Case\ModuleOutput\PhotoRec Carver\1_11-26-2018-10-23-36-0039\temp\Unalloc_3_0_1048576</image_filename>
    <sectorsize>512</sectorsize>
    <image_size>1048576</image_size>
    <volume>
      <byte_runs>
        <byte_run offset='0' img_offset='1048576' len='1006632960'/>
      </byte_runs>
    </volume>
  </source>
  <configuration>
  </configuration>
</dfxml>
