<?xml version='1.0' encoding='UTF-8'?>
<dfxml xmloutputversion='1.0'>
  <metadata 
  xmlns='http://www.forensicswiki.org/wiki/Category:Digital_Forensics_XML' 
  xmlns:xsi='http://www.w3.org/2001/XMLSchema-instance' 
  xmlns:dc='http://purl.org/dc/elements/1.1/'>
    <dc:type>Carve Report</dc:type>
  </metadata>
  <creator>
    <package>PhotoRec</package>
    <version>7.0</version>
    <build_environment>
      <compiler>GCC 4.8, Cygwin 1007.34</compiler>
      <compilation_date>2015-04-18T13:01:55</compilation_date>
      <library name='libext2fs' version='1.42.8'/>
      <library name='libewf' version='20120504'/>
      <library name='libjpeg' version='libjpeg-turbo-1.3.1'/>
      <library name='libntfs' version='10:0:0'/>
    </build_environment>
    <execution_environment>
      <os_sysname>Windows</os_sysname>
      <os_release>Windows 8 (9200)</os_release>
      <os_version>Windows 8 (9200)</os_version>
      <host>Marcoo-PC</host>
      <arch>i686</arch>
      <uid>197610</uid>
      <start_time>2018-11-26T10:27:27-0500</start_time>
    </execution_environment>
  </creator>
  <source>
    <image_filename>C:\Users\Marco\Desktop\Financial Case\ModuleOutput\PhotoRec Carver\1_11-26-2018-10-23-36-0039\temp\Unalloc_51_3276800_537919488</image_filename>
    <sectorsize>512</sectorsize>
    <image_size>528019456</image_size>
    <volume>
      <byte_runs>
        <byte_run offset='0' img_offset='0' len='528019456'/>
      </byte_runs>
    </volume>
  </source>
  <configuration>
  </configuration>
  <fileobject>
    <filename>f0000000.ext</filename>
    <filesize>1024</filesize>
    <byte_runs>
      <byte_run offset='0' img_offset='0' len='1024'/>
    </byte_runs>
  </fileobject>
  <fileobject>
    <filename>f0000376.txt</filename>
    <filesize>81920</filesize>
    <byte_runs>
      <byte_run offset='0' img_offset='192512' len='81920'/>
    </byte_runs>
  </fileobject>
  <fileobject>
    <filename>f0000678.txt</filename>
    <filesize>220</filesize>
    <byte_runs>
      <byte_run offset='0' img_offset='347136' len='1024'/>
    </byte_runs>
  </fileobject>
  <fileobject>
    <filename>f0000792.txt</filename>
    <filesize>262144</filesize>
    <byte_runs>
      <byte_run offset='0' img_offset='405504' len='262144'/>
    </byte_runs>
  </fileobject>
  <fileobject>
    <filename>f0001476.txt</filename>
    <filesize>378</filesize>
    <byte_runs>
      <byte_run offset='0' img_offset='755712' len='1024'/>
    </byte_runs>
  </fileobject>
  <fileobject>
    <filename>f0001538.txt</filename>
    <filesize>223</filesize>
    <byte_runs>
      <byte_run offset='0' img_offset='787456' len='1024'/>
    </byte_runs>
  </fileobject>
  <fileobject>
    <filename>f0001560.txt</filename>
    <filesize>524288</filesize>
    <byte_runs>
      <byte_run offset='0' img_offset='798720' len='524288'/>
    </byte_runs>
  </fileobject>
  <fileobject>
    <filename>f0002968.apple</filename>
    <filesize>4096</filesize>
    <byte_runs>
      <byte_run offset='0' img_offset='1519616' len='4096'/>
    </byte_runs>
  </fileobject>
  <fileobject>
    <filename>f0002976.xlsx</filename>
    <filesize>40040</filesize>
    <byte_runs>
      <byte_run offset='0' img_offset='1523712' len='40960'/>
    </byte_runs>
  </fileobject>
  <fileobject>
    <filename>f0255512.ext</filename>
    <filesize>5120</filesize>
    <byte_runs>
      <byte_run offset='0' img_offset='130822144' len='1024'/>
    </byte_runs>
  </fileobject>
  <fileobject>
    <filename>f0003610.txt</filename>
    <filesize>2614320</filesize>
    <byte_runs>
      <byte_run offset='0' img_offset='1848320' len='2615296'/>
    </byte_runs>
  </fileobject>
  <fileobject>
    <filename>f0008720.txt</filename>
    <filesize>403504</filesize>
    <byte_runs>
      <byte_run offset='0' img_offset='4464640' len='404480'/>
    </byte_runs>
  </fileobject>
  <fileobject>
    <filename>f0255514.ext</filename>
    <filesize>5120</filesize>
    <byte_runs>
      <byte_run offset='0' img_offset='130823168' len='1024'/>
    </byte_runs>
  </fileobject>
  <fileobject>
    <filename>f0515352.ext</filename>
    <filesize>1024</filesize>
    <byte_runs>
      <byte_run offset='0' img_offset='263860224' len='1024'/>
    </byte_runs>
  </fileobject>
  <fileobject>
    <filename>f0771592.ext</filename>
    <filesize>5120</filesize>
    <byte_runs>
      <byte_run offset='0' img_offset='395055104' len='1024'/>
    </byte_runs>
  </fileobject>
  <fileobject>
    <filename>f0771594.ext</filename>
    <filesize>5120</filesize>
    <byte_runs>
      <byte_run offset='0' img_offset='395056128' len='1024'/>
    </byte_runs>
  </fileobject>
</dfxml>
