<?xml version='1.0' encoding='UTF-8'?>
<dfxml xmloutputversion='1.0'>
  <metadata 
  xmlns='http://www.forensicswiki.org/wiki/Category:Digital_Forensics_XML' 
  xmlns:xsi='http://www.w3.org/2001/XMLSchema-instance' 
  xmlns:dc='http://purl.org/dc/elements/1.1/'>
    <dc:type>Carve Report</dc:type>
  </metadata>
  <creator>
    <package>PhotoRec</package>
    <version>7.0</version>
    <build_environment>
      <compiler>GCC 4.8, Cygwin 1007.34</compiler>
      <compilation_date>2015-04-18T13:01:55</compilation_date>
      <library name='libext2fs' version='1.42.8'/>
      <library name='libewf' version='20120504'/>
      <library name='libjpeg' version='libjpeg-turbo-1.3.1'/>
      <library name='libntfs' version='10:0:0'/>
    </build_environment>
    <execution_environment>
      <os_sysname>Windows</os_sysname>
      <os_release>Windows 8 (9200)</os_release>
      <os_version>Windows 8 (9200)</os_version>
      <host>Marcoo-PC</host>
      <arch>i686</arch>
      <uid>197610</uid>
      <start_time>2018-11-26T10:26:14-0500</start_time>
    </execution_environment>
  </creator>
  <source>
    <image_filename>C:\Users\Marco\Desktop\Financial Case\ModuleOutput\PhotoRec Carver\1_11-26-2018-10-23-36-0039\temp\Unalloc_51_539893760_1007681536</image_filename>
    <sectorsize>512</sectorsize>
    <image_size>461357056</image_size>
    <volume>
      <byte_runs>
        <byte_run offset='0' img_offset='0' len='461357056'/>
      </byte_runs>
    </volume>
  </source>
  <configuration>
  </configuration>
  <fileobject>
    <filename>f0000000.ext</filename>
    <filesize>1024</filesize>
    <byte_runs>
      <byte_run offset='0' img_offset='0' len='1024'/>
    </byte_runs>
  </fileobject>
  <fileobject>
    <filename>f0000256.apple</filename>
    <filesize>4096</filesize>
    <byte_runs>
      <byte_run offset='0' img_offset='131072' len='4096'/>
    </byte_runs>
  </fileobject>
  <fileobject>
    <filename>f0000264.rtf</filename>
    <filesize>470</filesize>
    <byte_runs>
      <byte_run offset='0' img_offset='135168' len='1024'/>
    </byte_runs>
  </fileobject>
  <fileobject>
    <filename>f0000288.apple</filename>
    <filesize>4096</filesize>
    <byte_runs>
      <byte_run offset='0' img_offset='147456' len='4096'/>
    </byte_runs>
  </fileobject>
  <fileobject>
    <filename>f0000296.rtf</filename>
    <filesize>65536</filesize>
    <byte_runs>
      <byte_run offset='0' img_offset='151552' len='65536'/>
    </byte_runs>
  </fileobject>
  <fileobject>
    <filename>f0000424.rtf</filename>
    <filesize>309</filesize>
    <byte_runs>
      <byte_run offset='0' img_offset='217088' len='1024'/>
    </byte_runs>
  </fileobject>
  <fileobject>
    <filename>f0000432.ini</filename>
    <filesize>85</filesize>
    <byte_runs>
      <byte_run offset='0' img_offset='221184' len='1024'/>
    </byte_runs>
  </fileobject>
  <fileobject>
    <filename>f0000440.ini</filename>
    <filesize>85</filesize>
    <byte_runs>
      <byte_run offset='0' img_offset='225280' len='1024'/>
    </byte_runs>
  </fileobject>
  <fileobject>
    <filename>f0256240.ext</filename>
    <filesize>5120</filesize>
    <byte_runs>
      <byte_run offset='0' img_offset='131194880' len='1024'/>
    </byte_runs>
  </fileobject>
  <fileobject>
    <filename>f0256242.ext</filename>
    <filesize>5120</filesize>
    <byte_runs>
      <byte_run offset='0' img_offset='131195904' len='1024'/>
    </byte_runs>
  </fileobject>
  <fileobject>
    <filename>f0258288.ext</filename>
    <filesize>1024</filesize>
    <byte_runs>
      <byte_run offset='0' img_offset='132243456' len='1024'/>
    </byte_runs>
  </fileobject>
  <fileobject>
    <filename>f0258296.ext</filename>
    <filesize>1024</filesize>
    <byte_runs>
      <byte_run offset='0' img_offset='132247552' len='1024'/>
    </byte_runs>
  </fileobject>
  <fileobject>
    <filename>f0258304.ext</filename>
    <filesize>1024</filesize>
    <byte_runs>
      <byte_run offset='0' img_offset='132251648' len='1024'/>
    </byte_runs>
  </fileobject>
  <fileobject>
    <filename>f0772312.ext</filename>
    <filesize>5120</filesize>
    <byte_runs>
      <byte_run offset='0' img_offset='395423744' len='1024'/>
    </byte_runs>
  </fileobject>
  <fileobject>
    <filename>f0772314.ext</filename>
    <filesize>5120</filesize>
    <byte_runs>
      <byte_run offset='0' img_offset='395424768' len='1024'/>
    </byte_runs>
  </fileobject>
</dfxml>
